{
    "Model name": "jules_test_0",
    "Timestamp": "2025-03-15_17:16:48",
    "Model Emissions": 1.3932447781886843e-08,
    "Accuracy": 0.5881870385561936,
    "Macro Precision": 0.6351970722458912,
    "Macro Recall": 0.5178953245864993,
    "Macro F1 Score": 0.5106202599324642,
    "Category performance": {
        "Cat Names": {
            "0": "0_not_relevant",
            "1": "1_not_happening",
            "2": "2_not_human",
            "3": "3_not_bad",
            "4": "4_solutions_harmful_unnecessary",
            "5": "5_science_unreliable",
            "6": "6_proponents_biased",
            "7": "7_fossil_fuels_needed"
        },
        "Cat Precision": {
            "0": 0.6171428571428571,
            "1": 0.7291666666666666,
            "2": 0.5309278350515464,
            "3": 0.8,
            "4": 0.538860103626943,
            "5": 0.48484848484848486,
            "6": 0.6306306306306306,
            "7": 0.75
        },
        "Cat Recall": {
            "0": 0.7035830618892508,
            "1": 0.6818181818181818,
            "2": 0.7518248175182481,
            "3": 0.20618556701030927,
            "4": 0.65,
            "5": 0.6,
            "6": 0.5035971223021583,
            "7": 0.046153846153846156
        },
        "Cat F1 Score": {
            "0": 0.6575342465753424,
            "1": 0.7046979865771812,
            "2": 0.622356495468278,
            "3": 0.32786885245901637,
            "4": 0.5892351274787535,
            "5": 0.5363128491620112,
            "6": 0.56,
            "7": 0.08695652173913043
        }
    }
}